0|ATT|ws|5|python
0|ATT|ws|5|python
1|ATT|d|5|逐行
2|ATT|v|5|读
3|COO|v|2|取
4|ATT|n|5|文件
5|ATT|n|9|内容
6|RAD|u|5|的
7|ATT|m|8|三
8|ATT|q|9|种
9|HED|n|-1|方法
||||
0|ATT|r|1|这
1|ATT|q|2|篇
2|SBV|n|4|文章
3|ADV|d|4|主要
4|HED|v|-1|介绍
5|RAD|u|4|了
6|ATT|ws|11|python
7|ATT|d|11|逐行
8|ATT|v|11|读
9|COO|v|8|取
10|ATT|n|11|文件
11|ATT|n|15|内容
12|RAD|u|11|的
13|ATT|m|14|三
14|ATT|q|15|种
15|VOB|n|4|方法
16|WP|wp|4|，
17|ADV|d|19|非常
18|RAD|u|17|的
19|COO|a|4|简单
20|WP|wp|19|，
21|ADV|nd|23|下面
22|ADV|a|23|直接
23|COO|v|19|看
24|VOB|n|23|代码
25|RAD|u|23|吧
||||
0|ATT|ws|3|Python
1|RAD|u|0|的
2|ATT|ws|3|open
3|ATT|n|6|文件
4|RAD|u|3|的
5|ATT|v|6|读取
6|SBV|n|7|方式
7|HED|v|-1|有
8|ATT|nd|11|以下
9|ATT|m|10|几
10|ATT|q|11|种
11|VOB|n|7|方法
12|WP|wp|7|:
13|ATT|ws|21|read
14|WP|wp|16|(
15|WP|wp|16|[
16|COO|ws|13|size
17|WP|wp|16|]
18|WP|wp|16|)
19|WP|wp|13|:
20|ATT|v|21|读取
21|SBV|n|24|文件
22|WP|wp|21|,
23|ADV|c|24|如果
24|COO|v|7|传
25|RAD|u|24|了
26|ATT|ws|27|size
27|VOB|n|24|参数
28|WP|wp|24|,
29|ADV|c|30|则
30|COO|v|24|读取
31|ATT|ws|32|size
32|VOB|n|30|字节
33|WP|wp|24|,
34|ADV|c|35|否则
35|COO|v|24|读取
36|ATT|m|37|全部
37|VOB|ws|35|readline
38|WP|wp|40|(
39|WP|wp|40|[
40|COO|ws|37|size
41|WP|wp|40|]
42|WP|wp|40|)
43|WP|wp|35|:
44|ATT|v|45|读取
45|ATT|n|46|一行
46|ATT|ws|49|readl
47|ATT|r|48|这
48|ATT|q|49|篇
49|SBV|n|51|文章
50|ADV|d|51|主要
51|COO|v|35|介绍
52|RAD|u|51|了
53|ATT|ws|58|python
54|ATT|d|58|逐行
55|ATT|v|58|读
56|COO|v|55|取
57|ATT|n|58|文件
58|ATT|n|62|内容
59|RAD|u|58|的
60|ATT|m|61|三
61|ATT|q|62|种
62|VOB|n|51|方法
63|WP|wp|51|,
64|ADV|d|66|非常
65|RAD|u|64|的
66|COO|a|51|简单
67|WP|wp|66|,
68|ADV|nd|70|下面
69|ADV|a|70|直接
70|COO|v|66|看
71|VOB|n|70|代码
72|RAD|u|70|吧
73|WP|wp|70|...
74|ATT|r|75|这
75|ATT|q|76|篇
76|SBV|n|78|文章
77|ADV|d|78|主要
78|COO|v|70|介绍
79|RAD|u|78|了
80|ATT|ws|85|python
81|ATT|d|85|逐行
82|ATT|v|85|读
83|COO|v|82|取
84|ATT|n|85|文件
85|ATT|n|89|内容
86|RAD|u|85|的
87|ATT|m|88|三
88|ATT|q|89|种
89|VOB|n|78|方法
90|WP|wp|78|,
91|COO|b|78|非常
92|RAD|u|91|的
||||
0|ATT|ws|2|python
1|ATT|v|2|读取
2|ATT|n|3|文件
3|ATT|n|5|内容
4|RAD|u|3|的
5|HED|n|-1|方法
6|WP|wp|5|:
7|WP|wp|5|　　
8|ATT|m|13|一
9|WP|wp|8|.
10|ADV|d|11|最
11|ATT|a|13|方便
12|RAD|u|11|的
13|SBV|n|14|方法
14|COO|v|5|是
15|ATT|d|17|一次性
16|ATT|v|17|读取
17|ATT|n|18|文件
18|ATT|nd|21|中
19|RAD|u|18|的
20|ATT|b|21|所有
21|VOB|n|14|内容
22|ADV|c|23|并
23|COO|v|14|放置
24|CMP|v|23|到
25|ATT|m|27|一个
26|ATT|a|27|大
27|ATT|n|28|字符串
28|POB|nd|24|中
29|WP|wp|23|:
30|WP|wp|31|　　
31|COO|ws|23|all
32|WP|wp|31|_
33|COO|ws|31|the
34|WP|wp|33|_
35|COO|ws|33|text
36|WP|wp|35|=
37|COO|ws|35|open
38|WP|wp|40|(
39|ATT|n|40|'
40|COO|ws|37|thefile.txt
41|WP|wp|40|...
42|COO|nh|40|'
43|WP|wp|40|)
||||
